Albania;al.hideservers.net
Argentina;ar.hideservers.net
Australia;au.hideservers.net
Australia - Melbourne;melbourne.hideservers.net
Australia - Perth;perth.hideservers.net
Australia - Sydney;sydney.hideservers.net
Austria;at.hideservers.net
Bangladesh;bd.hideservers.net
Belgium;be.hideservers.net
Brasil;br.hideservers.net
Bulgaria;bg.hideservers.net
Cambodia;kh.hideservers.net
Canada;ca.hideservers.net
Canada - Calgary;calgary.hideservers.net
Canada - Montreal;montreal.hideservers.net
Canada - Toronto;toronto.hideservers.net
Canada - Vancouver;vancouver.hideservers.net
Chile;cl.hideservers.net
Colombia;co.hideservers.net
Croatia;hr.hideservers.net
Czech Republic;cz.hideservers.net
Denmark;dk.hideservers.net
Egypt;eg.hideservers.net
Finland;fi.hideservers.net
France;fr.hideservers.net
France - Marseille;marseille.hideservers.net
France - Paris;paris.hideservers.net
Germany;de.hideservers.net
Germany - Frankfurt #1;frankfurt1.hideservers.net
Germany - Frankfurt #2;frankfurt2.hideservers.net
Greece;gr.hideservers.net
Hong Kong;hk.hideservers.net
Hungary;hu.hideservers.net
Iceland;is.hideservers.net
Indonesia;id.hideservers.net
Ireland;ie.hideservers.net
Italy;it.hideservers.net
Italy - Milan;milan.hideservers.net
Italy - Palermo;palermo.hideservers.net
Japan;jp.hideservers.net
Lithuania;lt.hideservers.net
Luxembourg;lu.hideservers.net
Malaysia;my.hideservers.net
Mexico;mx.hideservers.net
Moldova;md.hideservers.net
Morocco;ma.hideservers.net
Netherlands;nl.hideservers.net
Netherlands - Amsterdam #1;amsterdam1.hideservers.net
Netherlands - Amsterdam #2;amsterdam2.hideservers.net
New Zealand;nz.hideservers.net
Norway;no.hideservers.net
Peru;pe.hideservers.net
Philippines;ph.hideservers.net
Poland;pl.hideservers.net
Portugal;pt.hideservers.net
Romania;ro.hideservers.net
Serbia;rs.hideservers.net
Singapore;sg.hideservers.net
Slovakia;sk.hideservers.net
South Africa;za.hideservers.net
South Korea;kr.hideservers.net
Spain;es.hideservers.net
Sweden;se.hideservers.net
Switzerland;ch.hideservers.net
Switzerland - Zug;zug.hideservers.net
Switzerland - Zurich;zurich.hideservers.net
Taiwan;tw.hideservers.net
Thailand;th.hideservers.net
Turkey;tr.hideservers.net
Ukraine;ua.hideservers.net
United Arab Emirates;ae.hideservers.net
United Kingdom;uk.hideservers.net
United Kingdom - London;london.hideservers.net
United Kingdom - Manchester;manchester.hideservers.net
United States;us.hideservers.net
United States - Arizona;phoenix.hideservers.net
United States - California - Los Angeles;losangeles.hideservers.net
United States - California - San Jose;sanjose.hideservers.net
United States - Colorado;denver.hideservers.net
United States - Florida;miami.hideservers.net
United States - Georgia;atlanta.hideservers.net
United States - Illinois;illinois.hideservers.net
United States - Massachusetts;boston.hideservers.net
United States - Michigan;detroit.hideservers.net
United States - Missouri;kansascity.hideservers.net
United States - New York;newyorkcity.hideservers.net
United States - Texas - Dallas;dallas.hideservers.net
United States - Texas - Houston;houston.hideservers.net
United States - Utah;saltlakecity.hideservers.net
United States - Washington;washington-dc.hideservers.net
United States - Washington;seattle.hideservers.net
Vietnam;vn.hideservers.net
